City_ID,City,Lat,Lng,Max Temp,Humidity,Cloudiness,Wind Speed,Country,Date
0,olavarria,-36.8927,-60.3225,65.8,64,22,7.76,AR,1675918523
1,iracoubo,5.4802,-53.2011,74.88,90,100,10.65,GF,1675918524
2,alice springs,-23.7,133.8833,98.15,19,2,17.27,AU,1675918525
3,bluff,-46.6,168.3333,56.8,61,78,16.91,NZ,1675918489
4,bredasdorp,-34.5322,20.0403,66.24,79,2,9.13,ZA,1675918525
5,labuhan,-6.8844,112.2051,83.52,77,89,13.82,ID,1675918526
6,ushuaia,-54.8,-68.3,47.86,93,20,5.75,AR,1675918274
7,san juan,-31.5375,-68.5364,83.62,37,68,3.74,AR,1675918363
8,yaan,7.3833,8.5667,73.51,53,100,4.45,NG,1675918527
9,guerrero negro,27.9769,-114.0611,60.31,53,14,5.32,MX,1675918447
10,vila franca do campo,37.7167,-25.4333,55.81,76,96,8.72,PT,1675918416
11,horadiz,39.4488,47.3353,32.77,97,100,5.26,AZ,1675918528
12,khash,28.2211,61.2158,58.75,44,1,28.39,IR,1675918528
13,paamiut,61.994,-49.6678,28.65,85,100,23.02,GL,1675918528
14,tigil,57.8,158.6667,-1.57,93,100,3.29,RU,1675918529
15,cabo san lucas,22.8909,-109.9124,67.51,40,59,3.31,MX,1675918529
16,mantua,45.1667,10.7833,34.84,63,5,1.01,IT,1675918530
17,rikitea,-23.1203,-134.9692,79.75,74,4,14.18,PF,1675918274
18,puerto ayora,-0.7393,-90.3518,79.56,93,80,4.0,EC,1675918531
19,kenitra,34.261,-6.5802,50.76,83,12,4.54,MA,1675918531
20,punta arenas,-53.15,-70.9167,50.11,66,0,12.66,CL,1675918432
21,vaini,-21.2,-175.2,80.76,89,75,10.36,TO,1675918280
22,busselton,-33.65,115.3333,83.7,37,0,4.12,AU,1675918276
23,egvekinot,66.3167,-179.1667,-15.92,94,99,5.73,RU,1675918532
24,tuatapere,-46.1333,167.6833,56.66,58,75,11.18,NZ,1675918533
25,freeport,40.6576,-73.5832,45.97,73,0,4.61,US,1675918413
26,hermanus,-34.4187,19.2345,66.79,82,80,10.8,ZA,1675918525
27,saint-joseph,-21.3667,55.6167,81.1,78,56,8.93,RE,1675918533
28,lufilufi,-13.8745,-171.5986,83.98,78,58,12.28,WS,1675918534
29,margate,51.3813,1.3862,37.69,84,96,1.99,GB,1675918506
30,ivanovka,42.8878,75.085,34.77,77,97,5.84,KG,1675918534
31,les cayes,18.2,-73.75,72.93,77,2,2.86,HT,1675918535
32,revda,56.801,59.9303,8.62,97,96,7.11,RU,1675918535
33,yumen,40.2833,97.2,35.51,35,11,10.09,CN,1675918536
34,nikolskoye,59.7035,30.7861,35.49,92,100,10.78,RU,1675918237
35,crepy-en-valois,49.2336,2.8881,26.73,65,2,3.22,FR,1675918536
36,mar del plata,-38.0023,-57.5575,67.08,92,0,1.99,AR,1675918268
37,hithadhoo,-0.6,73.0833,81.57,72,67,8.84,MV,1675918537
38,port lincoln,-34.7333,135.8667,82.29,46,0,4.47,AU,1675918537
39,chokurdakh,70.6333,147.9167,-25.33,97,100,4.68,RU,1675918278
40,tezu,27.9167,96.1667,75.2,32,77,4.32,IN,1675918538
41,isangel,-19.55,169.2667,78.84,88,100,8.75,VU,1675918538
42,sarahan,31.5167,77.8,45.39,33,34,5.17,IN,1675918538
43,torbay,47.6666,-52.7314,30.58,94,100,14.97,CA,1675918539
44,barao de melgaco,-16.1944,-55.9675,72.86,92,78,2.8,BR,1675918539
45,longyearbyen,78.2186,15.6401,19.24,73,100,5.75,SJ,1675918540
46,mahebourg,-20.4081,57.7,83.25,74,75,16.11,MU,1675918540
47,dunedin,-45.8742,170.5036,58.17,54,87,14.29,NZ,1675918489
48,albany,42.6001,-73.9662,33.58,81,85,2.73,US,1675918277
49,nelson bay,-32.7167,152.15,76.08,84,100,17.0,AU,1675918540
50,ayacucho,-13.1583,-74.2239,55.24,84,85,3.0,PE,1675918541
51,cordoba,-31.4135,-64.1811,74.75,75,20,2.3,AR,1675918406
52,kapuskasing,49.4169,-82.4331,23.0,86,100,4.61,CA,1675918541
53,laguna,38.421,-121.4238,53.17,79,0,0.0,US,1675918485
54,kapaa,22.0752,-159.319,78.78,72,40,20.71,US,1675918536
55,baherden,38.4362,57.4316,39.58,86,100,10.07,TM,1675918542
56,new norfolk,-42.7826,147.0587,71.91,39,98,1.99,AU,1675918277
57,yellowknife,62.456,-114.3525,-8.45,84,75,6.91,CA,1675918366
58,salalah,17.0151,54.0924,69.89,56,0,5.75,OM,1675918422
59,vila velha,-20.3297,-40.2925,78.75,90,40,5.75,BR,1675918543
60,peniche,39.3558,-9.3811,50.94,83,24,17.85,PT,1675918363
61,bilibino,68.0546,166.4372,-44.01,98,64,2.15,RU,1675918543
62,athabasca,54.7169,-113.2854,19.81,89,9,7.29,CA,1675918544
63,qui nhon,13.7667,109.2333,78.51,77,100,5.93,VN,1675918544
64,tuktoyaktuk,69.4541,-133.0374,-36.4,74,20,3.44,CA,1675918545
65,faya,18.3851,42.4509,46.92,52,43,3.58,SA,1675918545
66,aykhal,66.0,111.5,-20.04,97,98,7.31,RU,1675918545
67,necochea,-38.5473,-58.7368,62.47,86,1,0.74,AR,1675918546
68,mitsamiouli,-11.3847,43.2844,81.32,78,88,8.95,KM,1675918546
69,vardo,70.3705,31.1107,35.58,75,99,37.98,NO,1675918546
70,tura,25.5198,90.2201,75.87,35,38,4.41,IN,1675918547
71,ribeira grande,38.5167,-28.7,54.77,79,28,5.99,PT,1675918547
72,flin flon,54.7682,-101.865,-2.27,98,35,5.39,CA,1675918398
73,cherskiy,68.75,161.3,-33.77,99,100,6.71,RU,1675918547
74,kawalu,-7.3817,108.2082,75.15,91,100,1.19,ID,1675918364
75,maragogi,-9.0122,-35.2225,77.29,81,98,4.52,BR,1675918548
76,palmer,42.1584,-72.3287,39.61,75,75,0.0,US,1675918027
77,ormara,25.2088,64.6357,73.06,70,63,12.21,PK,1675918375
78,kodiak,57.79,-152.4072,20.71,45,0,5.75,US,1675918549
79,jamestown,42.097,-79.2353,33.44,90,0,8.05,US,1675918169
80,kandrian,-6.2167,149.55,80.4,85,100,14.85,PG,1675918549
81,kaitangata,-46.2817,169.8464,58.03,51,84,10.76,NZ,1675918549
82,merritt,50.1123,-120.7942,28.33,75,98,1.01,CA,1675918285
83,boa vista,2.8197,-60.6733,78.78,73,40,5.75,BR,1675918550
84,dasoguz,41.8363,59.9666,19.35,79,75,16.11,TM,1675918550
85,butaritari,3.0707,172.7902,81.3,83,62,20.42,KI,1675918475
86,nerja,36.7585,-3.8873,51.94,86,69,4.0,ES,1675918551
87,tabou,4.423,-7.3528,76.71,89,81,1.83,CI,1675918551
88,ewa beach,21.3156,-158.0072,76.95,58,0,12.66,US,1675918551
89,ahipara,-35.1667,173.1667,68.45,60,22,9.86,NZ,1675918552
90,hovd,48.0056,91.6419,7.99,72,98,3.87,MN,1675918552
91,arraial do cabo,-22.9661,-42.0278,75.06,88,0,2.3,BR,1675918031
92,atuona,-9.8,-139.0333,79.32,75,53,21.32,PF,1675918284
93,miramar,25.9873,-80.2323,75.22,75,75,16.11,US,1675918553
94,kashi,39.4547,75.9797,31.21,59,40,6.71,CN,1675918553
95,geraldton,-28.7667,114.6,86.41,45,1,13.8,AU,1675918492
96,cidreira,-30.1811,-50.2056,75.63,85,21,18.7,BR,1675918554
97,dhrol,22.5667,70.4167,72.79,32,25,1.39,IN,1675918554
98,teluk nibung,3.001,99.8164,86.23,62,91,1.79,ID,1675918554
99,canyon lake,29.8752,-98.2625,51.62,74,0,5.53,US,1675918555
100,paranaiba,-19.6772,-51.1908,70.83,91,25,1.97,BR,1675918555
101,kimbe,-5.5502,150.1429,77.38,93,100,1.28,PG,1675918555
102,nanortalik,60.1432,-45.2371,25.9,86,100,9.35,GL,1675918556
103,dawlatabad,36.4141,64.9053,41.41,90,100,11.16,AF,1675918556
104,mataura,-46.1927,168.8643,56.48,54,83,8.21,NZ,1675918286
105,cape town,-33.9258,18.4232,70.38,75,0,6.91,ZA,1675918536
106,ilulissat,69.2167,-51.1,-11.18,70,62,4.61,GL,1675918283
107,noumea,-22.2763,166.4572,85.98,77,100,7.63,NC,1675918557
108,lulea,65.5842,22.1547,35.67,87,75,20.71,SE,1675918350
109,changchun,43.88,125.3228,26.56,56,97,8.97,CN,1675918557
110,okhotsk,59.3833,143.3,-12.93,82,19,13.0,RU,1675918558
111,palu,-0.8917,119.8707,89.31,59,100,6.08,ID,1675918558
112,kukes,42.0769,20.4219,21.87,79,44,5.53,AL,1675918558
113,saskylakh,71.9167,114.0833,-42.36,98,53,6.82,RU,1675918267
114,chapais,49.7834,-74.8492,-7.82,100,70,3.04,CA,1675918559
115,torres,-29.3353,-49.7269,70.83,94,46,8.93,BR,1675918559
116,khatanga,71.9667,102.5,-43.38,99,66,3.94,RU,1675918283
117,dunmore town,25.5,-76.65,73.22,65,100,18.05,BS,1675918560
118,fort nelson,58.8053,-122.7002,5.95,93,20,3.44,CA,1675918560
119,killybegs,54.6333,-8.45,44.2,72,79,17.43,IE,1675918561
120,mehamn,71.0357,27.8492,35.51,86,100,23.02,NO,1675918561
121,cherdyn,60.403,56.4787,25.63,90,100,9.13,RU,1675918562
122,dikson,73.5069,80.5464,-4.13,87,75,10.42,RU,1675918275
123,kapoeta,4.7717,33.5903,81.19,26,34,1.79,SS,1675918563
124,saint-philippe,-21.3585,55.7679,81.99,80,62,12.33,RE,1675918488
125,gorontalo,0.5412,123.0595,88.3,56,99,6.2,ID,1675918563
126,sayansk,54.1088,102.1648,10.63,90,100,1.36,RU,1675918564
127,sarangani,5.4033,125.4636,81.37,72,95,9.55,PH,1675918564
128,kattivakkam,13.2167,80.3167,80.69,60,83,4.56,IN,1675918565
129,lebu,-37.6167,-73.65,58.14,95,5,9.98,CL,1675918565
130,grand forks,47.9417,-97.4337,28.33,81,0,11.5,US,1675918566
131,oyama,36.3,139.8,51.58,19,11,4.25,JP,1675918566
132,castro,-24.7911,-50.0119,60.51,95,10,4.54,BR,1675918567
133,manokwari,-0.8667,134.0833,77.47,83,100,1.83,ID,1675918567
134,katsuura,35.1333,140.3,48.16,36,83,8.57,JP,1675918568
135,novo aripuana,-5.1206,-60.3797,73.54,99,97,2.04,BR,1675918568
136,fossombrone,43.6908,12.8127,34.88,88,100,2.8,IT,1675918568
137,cayenne,4.9333,-52.3333,77.04,88,100,4.61,GF,1675918569
138,vangaindrano,-23.35,47.6,75.96,88,100,5.53,MG,1675918569
139,sur,22.5667,59.5289,77.05,62,13,11.3,OM,1675918570
140,victoria,22.2855,114.1577,72.32,79,96,17.0,HK,1675918570
141,karratha,-20.7377,116.8463,94.53,46,0,12.3,AU,1675918570
142,vagur,61.4732,-6.8119,38.5,65,89,44.31,FO,1675918571
143,stepnyak,52.8339,70.7803,-2.2,97,63,4.32,KZ,1675918572
144,kavaratti,10.5669,72.642,79.65,70,100,4.09,IN,1675918553
145,cabedelo,-6.9811,-34.8339,77.67,83,71,9.62,BR,1675918572
146,tateyama,34.9833,139.8667,48.49,40,52,12.71,JP,1675918388
147,port alfred,-33.5906,26.891,67.17,98,100,3.4,ZA,1675918573
148,kieta,-6.2167,155.6333,84.22,71,100,6.78,PG,1675918353
149,ginda,30.6945,78.4932,59.25,15,23,5.75,IN,1675918573
150,kahului,20.8947,-156.47,74.84,72,40,19.57,US,1675918574
151,riyadh,24.6877,46.7219,50.14,46,65,12.53,SA,1675918574
152,koslan,63.4564,48.8989,22.24,86,62,11.23,RU,1675918575
153,champerico,14.3,-91.9167,77.54,75,8,9.4,GT,1675918575
154,leningradskiy,69.3833,178.4167,-18.0,97,100,5.91,RU,1675918576
155,hobart,-42.8794,147.3294,72.27,59,99,6.76,AU,1675918270
156,lompoc,34.6391,-120.4579,56.84,84,0,11.5,US,1675918577
157,ostrovnoy,68.0531,39.5131,33.24,84,100,39.8,RU,1675918577
158,camopi,3.1655,-52.3158,71.69,100,100,2.15,GF,1675918578
159,anjozorobe,-18.4,47.8667,64.69,86,99,7.11,MG,1675918578
160,indianola,41.3581,-93.5574,38.57,76,100,1.99,US,1675918579
161,bela,25.9333,81.9833,70.66,33,0,7.18,IN,1675918579
162,clyde river,70.4692,-68.5914,-32.57,68,75,9.22,CA,1675918580
163,lexington park,38.2668,-76.4538,47.66,83,75,3.44,US,1675918392
164,east london,-33.0153,27.9116,67.14,94,75,5.75,ZA,1675918580
165,carnarvon,-24.8667,113.6333,87.73,52,52,15.61,AU,1675918581
166,cravo norte,6.3017,-70.2041,78.49,60,10,5.41,CO,1675918581
167,chikitigarh,19.2,84.6167,86.7,28,41,4.72,IN,1675918581
168,bengkulu,-3.8004,102.2655,83.77,64,86,7.05,ID,1675918582
169,evensk,61.95,159.2333,-9.38,75,49,13.06,RU,1675918583
170,nouadhibou,20.931,-17.0347,62.58,63,100,4.61,MR,1675918521
171,palm coast,29.585,-81.2078,69.89,90,100,8.05,US,1675918079
172,bara,10.3744,10.7288,67.44,22,92,8.21,NG,1675918583
173,myrtle beach,33.6891,-78.8867,55.45,91,94,5.5,US,1675918510
174,harper,4.375,-7.7169,76.84,88,87,1.57,LR,1675918584
175,norman wells,65.282,-126.8329,-11.16,70,40,0.0,CA,1675918548
176,georgetown,5.4112,100.3354,85.93,79,20,3.44,MY,1675918585
177,berezovyy,51.6667,135.7,-0.94,67,9,3.0,RU,1675918585
178,saint-louis,16.3333,-15.0,69.44,17,100,10.63,SN,1675918586
179,touros,-5.1989,-35.4608,78.49,82,14,10.45,BR,1675918586
180,khasan,42.4308,130.6434,28.69,41,24,5.32,RU,1675918587
181,havoysund,70.9963,24.6622,35.83,59,100,22.77,NO,1675918587
182,kalol,22.6,73.45,72.84,15,6,4.81,IN,1675918588
183,flinders,-34.5833,150.8552,76.05,85,100,11.01,AU,1675918588
184,tangermunde,52.5446,11.9765,22.95,65,28,6.87,DE,1675918589
185,pochutla,15.7432,-96.4661,74.82,53,0,4.45,MX,1675918589
186,bandiagara,14.3501,-3.6104,74.28,14,1,10.76,ML,1675918589
187,klaksvik,62.2266,-6.589,32.92,90,87,43.13,FO,1675918590
188,pevek,69.7008,170.3133,-30.01,100,100,6.4,RU,1675918498
189,porto novo,6.4965,2.6036,82.22,91,67,3.22,BJ,1675918463
190,bambous virieux,-20.3428,57.7575,83.21,74,75,16.11,MU,1675918512
191,barrow,71.2906,-156.7887,-7.58,71,100,0.0,US,1675918048
192,nishihara,26.1842,127.7558,73.06,75,100,12.66,JP,1675918591
193,ust-tsilma,65.441,52.1498,26.28,79,96,11.68,RU,1675918591
194,moose factory,51.2585,-80.6094,5.0,85,20,2.3,CA,1675918592
195,quatre cocos,-20.2078,57.7625,83.08,76,37,13.04,MU,1675918511
196,berdigestyakh,62.0989,126.6992,-25.62,92,68,2.71,RU,1675918592
197,alappuzha,9.49,76.3264,80.64,61,85,1.66,IN,1675918593
198,kunashak,55.7032,61.5498,16.32,76,58,10.51,RU,1675918593
199,ponta do sol,32.6667,-17.1,58.01,73,51,7.2,PT,1675918594
200,joshimath,30.5667,79.5667,54.81,30,26,3.2,IN,1675918594
201,batemans bay,-35.7167,150.1833,69.1,89,100,8.03,AU,1675918595
202,tugolesskiy bor,55.5505,39.8242,11.35,99,91,2.98,RU,1675918595
203,moranbah,-22.0016,148.0466,88.3,37,67,16.91,AU,1675918595
204,souillac,-20.5167,57.5167,82.78,74,75,16.11,MU,1675918282
205,svarychiv,48.9622,24.1966,7.99,94,38,4.65,UA,1675918596
206,caravelas,-17.7125,-39.2481,74.53,89,53,4.99,BR,1675918596
207,portage,41.1667,-81.1998,44.38,72,100,5.75,US,1675918365
208,avarua,-21.2078,-159.775,82.45,74,20,8.05,CK,1675918597
209,qaanaaq,77.484,-69.3632,-24.99,63,13,5.97,GL,1675918482
210,port moresby,-9.4431,147.1797,87.22,70,40,17.27,PG,1675918282
211,agirish,61.9247,63.0231,25.34,83,72,15.32,RU,1675918598
212,ribas do rio pardo,-20.4431,-53.7592,72.72,87,80,1.68,BR,1675918598
213,upernavik,72.7868,-56.1549,-30.78,86,2,8.63,GL,1675918509
214,chuy,-33.6971,-53.4616,70.74,94,27,6.96,UY,1675918598
215,sola,-13.8833,167.55,81.52,74,90,5.84,VU,1675918599
216,napier,-39.4833,176.9167,67.28,68,44,8.01,NZ,1675918599
217,baykit,61.67,96.37,5.81,95,99,1.92,RU,1675918600
218,dali,25.7,100.1833,58.06,32,3,5.5,CN,1675918453
219,valdivia,-39.8142,-73.2459,55.49,98,21,0.29,CL,1675918600
220,port hardy,50.6996,-127.4199,39.38,93,100,26.46,CA,1675918601
221,pangnirtung,66.1451,-65.7125,-22.38,72,15,6.55,CA,1675918601
222,thompson,55.7435,-97.8558,6.96,72,100,8.05,CA,1675918601
223,haines junction,60.7522,-137.5108,10.35,79,68,2.3,CA,1675918602
224,bethel,41.3712,-73.414,40.03,66,0,0.0,US,1675918485
225,san carlos de bariloche,-41.1456,-71.3082,62.35,59,0,11.5,AR,1675918602
226,sorland,67.667,12.6934,38.98,57,100,31.94,NO,1675918602
227,portsmouth,50.799,-1.0913,39.42,97,100,1.01,GB,1675918341
228,adeje,28.1227,-16.726,63.57,73,75,4.61,ES,1675918603
229,nemuro,43.3236,145.575,19.58,70,55,22.62,JP,1675918603
230,barra dos coqueiros,-10.9089,-37.0386,78.82,78,40,4.61,BR,1675918604
231,taoudenni,22.6783,-3.9836,65.97,20,98,13.38,ML,1675918288
232,oeiras do para,-2.0031,-49.8544,73.35,97,98,2.57,BR,1675918604
233,port elizabeth,-33.918,25.5701,69.31,97,100,3.0,ZA,1675918604
234,saint george,37.1041,-113.5841,49.95,47,0,6.91,US,1675918432
235,nome,64.5011,-165.4064,-0.33,78,100,6.91,US,1675918269
236,avera,33.194,-82.5271,60.85,77,100,7.23,US,1675918605
237,huarmey,-10.0681,-78.1522,72.27,85,9,5.48,PE,1675918605
238,te anau,-45.4167,167.7167,60.67,38,46,4.03,NZ,1675918273
239,korla,41.7597,86.1469,31.28,59,56,7.54,CN,1675918606
240,amapa,1.0,-52.0,71.06,99,98,1.52,BR,1675918606
241,tasiilaq,65.6145,-37.6368,5.16,54,95,9.93,GL,1675918518
242,kikwit,-5.041,18.8162,69.87,90,100,3.22,CD,1675918607
243,airai,-8.9266,125.4092,69.06,78,98,3.94,TL,1675918607
244,aktau,43.65,51.2,14.58,64,82,15.95,KZ,1675918387
245,port pirie,-33.1833,138.0167,97.27,15,0,6.08,AU,1675918608
246,steamboat springs,40.485,-106.8317,18.99,88,100,5.75,US,1675918375
247,cuitareo,19.6167,-100.6,50.61,72,21,1.1,MX,1675918608
248,kenora,49.8167,-94.4337,32.97,69,100,6.91,CA,1675918608
249,iquique,-20.2208,-70.1431,73.44,82,10,1.7,CL,1675918609
250,miri,4.4148,114.0089,87.94,74,40,6.91,MY,1675918338
251,troitskoye,52.9821,84.6757,6.62,92,82,3.56,RU,1675918609
252,patos,-7.0244,-37.28,75.78,71,91,3.74,BR,1675918610
253,aksarka,66.5606,67.7975,-2.9,93,53,5.7,RU,1675918610
254,sioux lookout,50.1001,-91.917,30.27,69,100,4.61,CA,1675918610
255,gizo,-8.103,156.8419,84.0,74,97,11.9,SB,1675918611
256,kilimatinde,-5.85,34.95,64.24,95,100,0.74,TZ,1675918611
257,sisimiut,66.9395,-53.6735,2.44,82,100,7.65,GL,1675918612
258,carutapera,-1.195,-46.02,75.61,90,96,3.96,BR,1675918612
259,yarmouth,41.7057,-70.2286,42.94,67,0,14.0,US,1675918612
260,tall kayf,37.0833,41.0667,34.99,80,0,6.91,TR,1675918613
261,umm kaddadah,13.6017,26.6876,55.89,19,87,15.32,SD,1675918613
262,hilo,19.7297,-155.09,73.13,84,75,9.22,US,1675918504
263,jiaozuo,35.2397,113.2331,39.18,81,100,3.96,CN,1675918613
264,tignere,7.3667,12.65,65.16,21,29,2.98,CM,1675918614
265,hasaki,35.7333,140.8333,54.28,36,20,16.02,JP,1675918484
266,tsaghkahovit,40.6343,44.2224,-1.91,93,100,1.43,AM,1675918614
267,mandalgovi,45.7625,106.2708,20.08,61,9,6.2,MN,1675918615
268,maningrida,-12.0667,134.2667,89.22,62,100,8.59,AU,1675918615
269,nadym,65.5333,72.5167,6.96,98,99,1.12,RU,1675918615
270,qaqortoq,60.7167,-46.0333,22.06,87,100,9.24,GL,1675918480
271,dingle,10.9995,122.6711,81.97,73,95,15.5,PH,1675918616
272,sabya,17.1495,42.6254,74.82,68,9,4.68,SA,1675918616
273,balkhash,46.844,74.9804,14.61,92,100,13.42,KZ,1675918617
274,fare,-16.7,-151.0167,80.85,73,7,7.81,PF,1675918617
275,tutoia,-2.7619,-42.2744,77.5,88,99,8.1,BR,1675918617
276,pedasi,7.5333,-80.0333,75.07,82,6,20.87,PA,1675918618
277,saint-francois,46.4154,3.9054,20.64,93,5,0.0,FR,1675918370
278,arkhangelsk,64.5401,40.5433,28.51,92,40,8.95,RU,1675918618
279,namatanai,-3.6667,152.4333,83.77,69,95,6.51,PG,1675918618
280,aklavik,68.2191,-135.0107,-29.49,99,95,3.87,CA,1675918595
281,adrar,20.5022,-10.0711,66.06,16,98,5.82,MR,1675918619
282,catuday,16.2923,119.8062,83.86,54,83,6.58,PH,1675918619
283,esperance,-33.8667,121.9,69.8,63,32,12.84,AU,1675918620
284,tanete,-3.9443,119.7848,89.31,57,81,10.29,ID,1675918621
285,bilma,18.6853,12.9164,63.18,20,0,7.16,NE,1675918621
286,porosozero,62.7191,32.727,32.13,93,100,15.95,RU,1675918622
287,hegang,47.4,130.3667,15.75,54,4,3.67,CN,1675918341
288,ketchikan,55.3422,-131.6461,37.87,87,100,16.11,US,1675918625
289,ontario,34.0633,-117.6509,60.69,44,0,5.75,US,1675918571
290,konevo,62.1215,39.3192,32.02,84,100,14.43,RU,1675918626
291,goderich,43.7501,-81.7165,34.12,86,97,4.61,CA,1675918626
292,alyangula,-13.8483,136.4192,86.4,65,100,2.28,AU,1675918627
293,turbo,8.0937,-76.7269,78.13,86,36,10.94,CO,1675918628
294,pili,13.5833,123.3,83.53,61,96,9.51,PH,1675918628
295,shimoda,34.6667,138.95,50.36,53,93,12.15,JP,1675918629
296,jawhar,2.7809,45.5005,77.94,70,7,14.74,SO,1675918629
297,lata,40.1629,-8.3327,43.92,82,9,6.06,PT,1675918630
298,bay roberts,47.5999,-53.2648,31.33,92,99,5.01,CA,1675918356
299,samana,19.2056,-69.3369,72.66,84,63,9.13,DO,1675918631
300,puerto baquerizo moreno,-0.9,-89.6,77.67,82,77,2.46,EC,1675918632
301,ivybridge,50.3904,-3.9191,46.26,91,100,5.37,GB,1675918632
302,zhezkazgan,47.8043,67.7144,-5.82,77,40,20.13,KZ,1675918632
303,praia da vitoria,38.7333,-27.0667,54.75,87,75,9.84,PT,1675918633
304,staraya poltavka,50.4772,46.4814,12.33,86,84,7.2,RU,1675918634
305,lorengau,-2.0226,147.2712,83.79,67,100,10.16,PG,1675918497
306,luganville,-15.5333,167.1667,83.1,74,100,5.82,VU,1675918605
307,inirida,3.8653,-67.9239,72.07,97,62,2.3,CO,1675918635
308,krasnoselkup,65.7,82.4667,0.12,94,100,13.98,RU,1675918636
309,sibu,2.3,111.8167,86.31,70,40,2.3,MY,1675918637
310,bathsheba,13.2167,-59.5167,77.61,78,20,19.57,BB,1675918489
311,rocha,-34.4833,-54.3333,68.38,85,17,6.08,UY,1675918638
312,tairua,-37.0167,175.85,69.84,56,0,11.27,NZ,1675918638
313,richards bay,-28.783,32.0377,72.88,87,100,9.35,ZA,1675918639
314,fairbanks,64.8378,-147.7164,3.81,88,20,0.0,US,1675918639
315,coquimbo,-29.9533,-71.3436,64.13,88,75,5.75,CL,1675918563
316,faanui,-16.4833,-151.75,81.37,71,10,7.25,PF,1675918640
317,codrington,-38.2667,141.9667,71.31,58,2,10.49,AU,1675918528
318,muros,42.7762,-9.0603,42.84,87,0,10.87,ES,1675918641
319,alta floresta,-9.8756,-56.0861,70.0,97,61,1.57,BR,1675918647
320,amazar,53.858,120.875,6.44,84,100,2.08,RU,1675918650
321,kruisfontein,-34.0033,24.7314,65.52,79,96,2.55,ZA,1675918595
322,ilhabela,-23.7781,-45.3581,72.88,88,10,3.87,BR,1675918651
323,tessalit,20.1986,1.0114,64.56,21,2,10.63,ML,1675918651
324,eregli,37.5133,34.0467,12.27,83,56,3.11,TR,1675918652
325,mecca,21.4267,39.8261,66.22,37,64,3.31,SA,1675918652
326,jumla,29.2747,82.1838,53.22,24,23,5.44,NP,1675918653
327,vaitape,-16.5167,-151.75,81.32,71,10,7.11,PF,1675918653
328,san rafael,-34.6177,-68.3301,77.97,37,30,4.45,AR,1675918654
329,gawler,-34.6,138.7333,99.1,16,0,9.98,AU,1675918654
330,turayf,31.6725,38.6637,34.05,86,40,4.61,SA,1675918655
331,gornyye klyuchi,45.25,133.5,11.17,71,8,3.38,RU,1675918655
332,sao jose da coroa grande,-8.8978,-35.1478,77.47,81,95,5.1,BR,1675918560
333,zhangye,38.9342,100.4517,40.42,23,3,7.49,CN,1675918479
334,olafsvik,64.8945,-23.7142,24.15,60,100,17.6,IS,1675918592
335,kargopol,61.5071,38.9456,32.04,83,96,13.42,RU,1675918656
336,fukue,32.6881,128.8419,52.16,50,0,6.91,JP,1675918656
337,kalmunai,7.4167,81.8167,81.0,76,99,9.69,LK,1675918657
338,sao filipe,14.8961,-24.4956,68.94,76,66,8.75,CV,1675918657
339,port shepstone,-30.7414,30.455,71.89,79,100,21.36,ZA,1675918542
340,ust-nera,64.5667,143.2,-33.86,97,82,2.13,RU,1675918581
341,honiara,-9.4333,159.95,84.76,70,59,5.59,SB,1675918624
342,great yarmouth,52.6083,1.7305,34.09,91,100,9.95,GB,1675918658
343,maniitsoq,65.4167,-52.9,23.07,96,100,9.19,GL,1675918658
344,klyuchi,52.2667,79.1667,-2.15,98,97,4.5,RU,1675918658
345,hami,42.8,93.45,39.47,36,100,2.75,CN,1675918659
346,antofagasta,-23.65,-70.4,69.08,85,39,2.84,CL,1675918564
347,saint-pierre,-21.3393,55.4781,82.18,65,0,8.05,RE,1675918547
348,teya,60.3778,92.6267,2.16,93,99,3.27,RU,1675918565
349,ramhormoz,31.28,49.6035,53.17,52,45,1.3,IR,1675918659
350,naze,28.3667,129.4833,63.52,69,100,17.94,JP,1675918660
351,policka,49.7146,16.2654,19.92,73,7,11.7,CZ,1675918660
352,missoula,47.0166,-113.8009,21.6,94,60,2.62,US,1675918660
353,hirara,24.8,125.2833,75.06,78,75,16.11,JP,1675918593
354,nha trang,12.25,109.1833,84.2,72,84,7.11,VN,1675918645
355,severo-kurilsk,50.6789,156.125,23.23,52,88,21.92,RU,1675918639
356,marienburg,54.0359,19.0266,23.58,86,99,12.06,PL,1675918661
357,husavik,66.0449,-17.3389,26.11,78,61,25.7,IS,1675918661
358,sattahip,12.6664,100.9007,91.98,74,20,8.05,TH,1675918662
359,jiujiang,29.7333,115.9833,46.6,91,100,5.48,CN,1675918662
360,bayshore gardens,27.4253,-82.5904,69.78,67,0,12.66,US,1675918663
361,prainha,-1.8,-53.48,73.67,96,100,2.89,BR,1675918663
362,provideniya,64.3833,-173.3,-5.69,65,100,11.18,RU,1675918625
363,ahuimanu,21.4447,-157.8378,76.71,70,100,18.41,US,1675918663
364,atrauli,28.0333,78.2833,69.37,32,0,6.4,IN,1675918664
365,businga,3.3333,20.8833,64.45,36,31,3.38,CD,1675918664
366,gimli,50.6336,-96.9907,30.22,93,100,19.57,CA,1675918664
367,inhambane,-23.865,35.3833,80.22,83,59,6.08,MZ,1675918665
368,asahikawa,43.7678,142.3703,18.61,79,75,9.22,JP,1675918665
369,mpika,-11.8343,31.4529,60.75,95,100,4.81,ZM,1675918665
370,verkhoyansk,67.5447,133.385,-44.73,95,74,0.38,RU,1675918666
371,envira,-7.3,-70.2167,69.8,99,98,2.66,BR,1675918666
372,meadow lake,34.8014,-106.5436,40.8,52,3,5.44,US,1675918666
373,sebring,27.4956,-81.4409,62.55,84,0,6.91,US,1675918667
374,charters towers,-20.1,146.2667,88.3,45,83,12.88,AU,1675918664
375,seymchan,62.8833,152.4333,-31.43,95,48,2.44,RU,1675918447
376,kosh-agach,50.0,88.6667,5.34,82,100,1.32,RU,1675918667
377,konakovo,56.7,36.7667,18.9,99,95,2.3,RU,1675918668
378,hualmay,-11.0964,-77.6139,72.01,86,30,6.35,PE,1675918668
379,saint-augustin,51.226,-58.6502,7.34,75,98,19.91,CA,1675918404
380,xining,36.6167,101.7667,30.61,39,2,3.36,CN,1675918669
381,chengde,40.9725,117.9361,35.26,34,100,10.22,CN,1675918669
382,nantucket,41.2835,-70.0995,42.94,64,0,8.05,US,1675918669
383,anlu,31.1661,112.5831,42.51,86,100,12.82,CN,1675918670
384,cam ranh,11.9214,109.1591,84.16,70,40,10.36,VN,1675918670
385,chabahar,25.2919,60.643,73.35,72,2,6.51,IR,1675918670
386,saldanha,-33.0117,17.9442,65.64,79,16,7.74,ZA,1675918539
387,blackwater,-23.5833,148.8833,88.0,38,83,17.81,AU,1675918671
388,ixtapa,20.7,-105.2,69.22,82,28,1.01,MX,1675918671
389,kugulta,45.3636,42.3889,10.98,100,99,5.5,RU,1675918671
390,hokitika,-42.7167,170.9667,62.06,53,88,12.08,NZ,1675918672
391,iqaluit,63.7506,-68.5145,-27.67,68,0,25.32,CA,1675918322
392,oistins,13.0667,-59.5333,77.09,78,20,19.57,BB,1675918672
393,soyo,-6.1349,12.3689,78.06,84,48,9.62,AO,1675918673
394,waddan,29.1614,16.139,51.06,58,0,11.63,LY,1675918673
395,poum,-20.2333,164.0167,81.5,81,99,12.3,NC,1675918610
396,kanniyakumari,8.0833,77.5667,82.6,57,15,9.95,IN,1675918574
397,arvika,59.6553,12.5852,36.21,87,100,17.43,SE,1675918674
398,mount gambier,-37.8333,140.7667,78.42,36,0,8.68,AU,1675918463
399,constitucion,-35.3333,-72.4167,60.53,70,10,10.98,CL,1675918674
400,ajaccio,42.0,8.9167,35.65,70,100,4.61,FR,1675918674
401,santa cruz,-17.8,-63.1667,76.46,88,75,5.75,BO,1675918675
402,wahiawa,21.5028,-158.0236,73.72,63,40,12.66,US,1675918675
403,visnes,59.3556,5.2242,44.22,65,40,29.93,NO,1675918676
404,lakselv,70.0513,24.9718,31.82,100,100,5.75,NO,1675918676
405,jalu,29.0331,21.5482,50.49,46,52,15.75,LY,1675918676
406,pawai,24.2667,80.1667,75.34,22,0,3.38,IN,1675918677
407,ankazobe,-18.3167,47.1167,64.65,86,100,8.25,MG,1675918677
408,shamgarh,24.1833,75.6333,75.33,21,0,5.28,IN,1675918677
409,kulu,39.0951,33.0799,16.07,90,79,5.57,TR,1675918678
410,banda aceh,5.5577,95.3222,84.7,65,60,6.02,ID,1675918678
411,mount isa,-20.7333,139.5,89.37,48,40,8.05,AU,1675918486
412,santa helena de goias,-17.8136,-50.5969,69.49,90,100,1.81,BR,1675918567
413,ximei,24.9639,118.3794,64.24,77,98,1.9,CN,1675918678
414,farkhor,37.4922,69.4036,49.51,76,100,1.21,TJ,1675918679
415,asau,46.4333,26.4,4.28,85,9,4.65,RO,1675918668
416,rawson,-43.3002,-65.1023,71.85,48,74,28.25,AR,1675918679
417,tazovskiy,67.4667,78.7,3.13,94,100,13.53,RU,1675918537
418,dwarka,22.2394,68.9678,74.43,54,17,3.06,IN,1675918680
419,lumphat,13.4878,106.9816,95.38,32,23,5.93,KH,1675918680
420,mexico,15.0646,120.7198,85.71,48,100,15.35,PH,1675918680
421,sam phran,13.727,100.2153,93.06,46,4,9.64,TH,1675918681
422,seoul,37.5683,126.9778,46.0,30,0,12.66,KR,1675918402
423,vao,-22.6667,167.4833,78.8,82,100,13.65,NC,1675918681
424,naliya,23.2667,68.8333,76.95,40,3,5.99,IN,1675918682
425,shubarshi,48.5872,57.1869,6.8,92,23,6.89,KZ,1675918682
426,las palmas,28.4204,-14.0131,52.59,82,0,4.61,ES,1675918682
427,hobyo,5.3505,48.5268,78.49,73,56,17.11,SO,1675918554
428,purnia,25.7833,87.4667,73.24,37,0,4.21,IN,1675918683
429,luderitz,-26.6481,15.1594,62.46,96,66,9.28,NA,1675918552
430,sidney,-33.8679,151.2073,79.56,87,87,5.01,AU,1675918564
431,port hedland,-20.3167,118.5667,95.05,59,0,14.97,AU,1675918683
432,pucara,-15.9803,-71.4606,38.7,76,100,3.31,PE,1675918684
433,san patricio,28.017,-97.5169,56.84,78,72,3.69,US,1675918655
434,komsomolskiy,40.4272,71.7189,41.72,75,75,6.91,UZ,1675918684
435,zhigansk,66.7697,123.3711,-40.25,95,100,9.95,RU,1675918478
436,garowe,8.4054,48.4845,70.12,65,4,9.69,SO,1675918685
437,portland,45.5234,-122.6762,46.81,80,75,5.99,US,1675918223
438,ko samui,9.5357,99.9357,85.91,70,20,12.66,TH,1675918507
439,ossora,59.2353,163.0719,7.05,88,100,15.39,RU,1675918685
440,manggar,-2.8833,108.2667,85.98,63,100,5.21,ID,1675918686
441,lincoln,40.8,-96.667,41.29,58,75,5.75,US,1675918686
442,praya,14.9215,-23.5087,68.54,77,75,11.5,CV,1675918686
443,kasama,-10.2129,31.1808,60.67,87,100,2.3,ZM,1675918687
444,nedjo,9.5046,35.5019,61.81,49,13,2.17,ET,1675918687
445,zabaykalsk,49.6333,117.3167,0.88,94,100,4.18,RU,1675918687
446,ballina,-28.8667,153.5667,80.02,67,100,9.1,AU,1675918688
447,mayo,38.8876,-76.5119,48.51,74,0,4.61,US,1675918439
448,olinda,-8.0089,-34.8553,78.53,78,40,2.3,BR,1675918688
449,aktash,50.3,87.7333,8.92,83,100,3.33,RU,1675918611
450,bindura,-17.3019,31.3306,65.57,88,37,0.4,ZW,1675918689
451,gorahun,7.4661,-11.2375,73.33,93,78,1.03,SL,1675918689
452,kununurra,-15.7667,128.7333,94.98,46,10,11.5,AU,1675918518
453,arlit,18.7369,7.3853,68.09,19,0,5.99,NE,1675918514
454,sao geraldo do araguaia,-6.4006,-48.555,72.5,96,93,3.24,BR,1675918690
455,kamsack,51.5667,-101.9009,14.41,93,92,8.55,CA,1675918538
456,kachug,53.9606,105.8817,10.31,88,100,1.19,RU,1675918690
457,saurimo,-9.6608,20.3916,61.77,97,94,3.65,AO,1675918691
458,damaturu,11.747,11.9608,63.79,34,74,8.88,NG,1675918691
459,viking,53.1001,-111.7684,19.26,95,49,6.91,CA,1675918691
460,sao jose do belmonte,-7.8614,-38.7597,67.98,68,85,6.62,BR,1675918692
461,winton,37.3894,-120.6133,50.99,86,0,0.0,US,1675918692
462,kulhudhuffushi,6.6221,73.07,79.81,73,66,6.31,MV,1675918692
463,piacabucu,-10.4056,-36.4344,76.28,79,81,4.76,BR,1675918693
464,gien,47.6933,2.6309,28.02,64,0,1.57,FR,1675918693
465,yukamenskoye,57.8865,52.2416,12.0,99,92,5.86,RU,1675918694
466,lavrentiya,65.5833,-171.0,-12.78,97,100,2.8,RU,1675918455
467,ondjiva,-17.0667,15.7333,66.0,59,99,7.52,AO,1675918694
468,purgstall,48.0584,15.1348,22.42,78,5,4.72,AT,1675918694
469,san vicente,-26.6167,-54.1333,68.29,49,45,2.01,AR,1675918695
470,coihaique,-45.5752,-72.0662,64.35,68,75,4.61,CL,1675918487
471,portel,-1.9356,-50.8211,73.17,97,98,2.93,BR,1675918695
472,shelburne,44.0787,-80.2041,34.25,93,100,3.42,CA,1675918627
473,qena,26.1615,32.7183,51.31,57,100,5.23,EG,1675918696
474,yulara,-25.2406,130.9889,104.09,10,5,10.71,AU,1675918696
475,gat,31.61,34.7642,47.39,100,79,4.36,IL,1675918696
476,san cristobal,7.7669,-72.225,68.18,71,36,0.43,VE,1675918697
477,ewo,-0.8725,14.8206,75.0,66,98,2.53,CG,1675918697
478,ardakan,32.31,54.0175,44.53,42,1,2.51,IR,1675918697
479,ovre ardal,61.3167,7.8,31.44,93,100,13.98,NO,1675918698
480,denpasar,-8.65,115.2167,87.46,70,40,4.61,ID,1675918467
481,bandarbeyla,9.4942,50.8122,78.35,66,55,12.15,SO,1675918687
482,pacific grove,36.6177,-121.9166,51.55,87,0,4.61,US,1675918580
483,cockburn town,21.4612,-71.1419,76.62,77,14,24.87,TC,1675918502
484,sinesti,47.1167,27.1833,11.07,97,40,2.68,RO,1675918699
485,moindou,-21.6924,165.677,81.81,77,100,3.09,NC,1675918699
486,denia,38.8408,0.1057,53.47,82,91,11.99,ES,1675918699
487,sangmelima,2.9333,11.9833,66.29,99,23,2.51,CM,1675918700
488,lagoa,39.05,-27.9833,56.35,70,99,14.43,PT,1675918559
489,pitimbu,-7.4706,-34.8086,77.59,81,72,8.19,BR,1675918430
490,denton,33.2001,-97.1336,40.93,91,0,0.0,US,1675918674
491,farafangana,-22.8167,47.8333,77.38,83,100,8.97,MG,1675918700
492,kaeo,-35.1,173.7833,74.32,54,75,5.23,NZ,1675918581
493,podosinovets,60.2776,47.0659,14.65,100,98,7.2,RU,1675918701
494,vazante,-17.9869,-46.9078,68.79,89,93,2.53,BR,1675918701
495,desaguadero,-16.5656,-69.0417,43.36,89,100,5.1,PE,1675918701
496,yatou,37.15,122.3833,41.59,48,100,5.99,CN,1675918702
497,odda,60.0691,6.5457,42.76,97,100,18.48,NO,1675918702
498,sambava,-14.2667,50.1667,78.44,80,51,8.34,MG,1675918559
499,taltal,-25.4,-70.4833,68.07,86,38,1.28,CL,1675918703
500,rocky mountain house,52.3668,-114.9188,12.31,85,16,1.14,CA,1675918703
501,atar,20.5169,-13.0499,70.25,23,100,2.53,MR,1675918490
502,la cumbre,-30.982,-64.4914,64.22,65,34,4.12,AR,1675918703
503,andenes,69.3143,16.1194,31.98,93,75,6.91,NO,1675918493
504,perth,-31.9333,115.8333,91.99,44,0,12.66,AU,1675918553
505,storozhevaya,43.8789,41.4514,13.93,89,58,2.95,RU,1675918704
506,escanaba,45.7453,-87.0646,34.11,94,20,3.44,US,1675918704
507,eureka,40.8021,-124.1637,43.41,94,43,1.01,US,1675918612
508,pointe michel,15.25,-61.3833,75.54,78,9,11.5,DM,1675918705
509,puteyets,65.1716,57.091,25.14,91,100,9.86,RU,1675918705
510,batagay-alyta,67.8006,130.4114,-38.94,96,48,1.54,RU,1675918705
511,san luis,-33.295,-66.3356,71.73,57,24,5.41,AR,1675918487
512,chifeng,42.2683,118.9636,30.94,41,100,8.1,CN,1675918706
513,kavieng,-2.5744,150.7967,83.73,70,100,5.3,PG,1675918632
514,kirkenes,69.7271,30.0458,35.82,75,0,31.07,NO,1675918706
515,gimbi,9.1667,35.8333,59.27,41,9,2.06,ET,1675918707
516,yerbogachen,61.2767,108.0108,2.7,92,100,3.09,RU,1675918707
517,puerto ayacucho,5.6639,-67.6236,74.91,82,66,3.15,VE,1675918707
518,byron bay,-28.65,153.6167,79.95,60,100,9.42,AU,1675918606
519,anaconda,46.1285,-112.9423,22.19,90,16,6.17,US,1675918708
520,tashtyp,52.7939,89.8983,17.47,90,100,1.34,RU,1675918708
521,bauru,-22.3147,-49.0606,71.83,83,0,5.01,BR,1675918520
522,pompeu,-19.2244,-44.9353,65.37,95,98,2.24,BR,1675918709
523,marzuq,14.4,46.4667,71.38,22,63,1.36,YE,1675918615
524,svetlaya,46.5389,138.3297,13.12,38,33,2.91,RU,1675918709
525,upata,8.0086,-62.3989,71.19,92,20,4.76,VE,1675918709
526,odweyne,9.4092,45.064,70.11,47,4,2.93,SO,1675918710
527,jamsa,61.8642,25.19,35.15,80,100,16.73,FI,1675918710
528,tucuman,-26.8241,-65.2226,78.8,78,40,2.3,AR,1675918685
529,slobodskoy,58.7322,50.1772,10.72,100,78,4.25,RU,1675918711
530,narsaq,60.9167,-46.05,20.26,92,100,8.57,GL,1675918616
531,plainview,40.7765,-73.4673,44.89,74,0,0.0,US,1675918663
532,lodja,-3.4833,23.4333,67.87,94,99,2.62,CD,1675918711
533,valentigney,47.4639,6.8317,27.99,71,2,1.52,FR,1675918712
534,svetlogorsk,52.6333,29.7333,18.95,94,98,6.08,BY,1675918712
535,timra,62.487,17.3257,38.88,70,75,8.05,SE,1675918712
536,trairi,-3.2778,-39.2689,76.24,80,100,6.26,BR,1675918658
537,takoradi,4.8845,-1.7554,77.83,88,82,5.3,GH,1675918534
538,tarboro,35.8968,-77.5358,50.09,93,0,0.0,US,1675918713
539,beitbridge,-22.2167,30.0,74.89,78,65,10.67,ZW,1675918713
540,smithers,54.7804,-127.1743,32.32,80,100,8.05,CA,1675918501
541,beringovskiy,63.05,179.3167,-26.12,94,23,5.17,RU,1675918484
542,glubczyce,50.2009,17.8286,23.65,71,4,11.5,PL,1675918714
543,taywarah,33.35,64.4167,28.49,96,82,6.64,AF,1675918714
544,waxahachie,32.3865,-96.8483,41.52,88,0,4.61,US,1675918650
545,redcliffe,-27.2307,153.0973,83.46,55,75,10.36,AU,1675918715
546,fortuna,40.5982,-124.1573,43.14,95,100,0.0,US,1675918539
547,tukrah,32.5341,20.5791,51.51,71,79,36.6,LY,1675918715
548,ayna,-12.65,-73.9167,58.28,94,98,1.23,PE,1675918715
549,cornwall,45.0181,-74.7281,35.71,69,0,9.22,CA,1675918716
550,lokoja,7.8024,6.743,76.59,40,51,2.57,NG,1675918459
551,san quintin,30.4833,-115.95,57.63,50,3,5.03,MX,1675918716
552,valparaiso,-33.0393,-71.6273,60.44,94,20,2.3,CL,1675918717
553,terrace,54.5163,-128.6035,33.71,100,100,3.44,CA,1675918204
554,viedma,-40.8135,-62.9967,64.89,69,51,10.49,AR,1675918448
555,vulcan,45.3833,23.2667,12.09,92,34,2.17,RO,1675918529
556,ulaanbaatar,47.9077,106.8832,-0.27,78,4,4.47,MN,1675918435
557,roswell,34.0232,-84.3616,63.52,85,0,6.91,US,1675918718
558,nanyamba,-10.6833,39.8333,73.83,96,100,3.27,TZ,1675918718
559,belyy yar,53.6039,91.3903,6.69,92,100,2.24,RU,1675918718
560,namibe,-15.1961,12.1522,68.68,77,94,5.61,AO,1675918638
561,biltine,14.5333,20.9167,63.95,12,87,11.95,TD,1675918719
